start,end,length,consensus,avg_score,avg_entropy
136,143,8,CATGCAGA,1.0,0.0
145,151,7,GTCGCCT,1.0,0.0
161,166,6,GCCAGC,1.0,0.0
171,180,10,TCTCCAAACT,1.0,0.0
185,197,13,TTCAGCTGGACCA,1.0,0.0
199,210,12,ACCAATTTTGAG,1.0,0.0
212,216,5,AAAGG,1.0,0.0
218,225,8,TACAGACA,1.0,0.0
237,253,17,TGTCAGACATATACCAA,1.0,0.0
256,262,7,CCCTTCT,1.0,0.0
265,270,6,TGATTC,1.0,0.0
272,277,6,GCTGAC,1.0,0.0
284,291,8,TCTGAAAA,1.0,0.0
296,309,14,GAAAGAGAATGGGA,1.0,0.0
320,324,5,GCTTC,1.0,0.0
350,354,5,GCCCT,1.0,0.0
356,363,8,CGGCGATG,1.0,0.0
369,378,10,TCTGGAGATT,1.0,0.0
383,387,5,TTCTA,1.0,0.0
407,420,14,GGGGAAGTCACCAA,1.0,0.0
428,433,6,CAGCCT,1.0,0.0
443,456,14,GGAAGAATCATAGC,1.0,0.0
458,465,8,TCCTATGA,1.0,0.0
497,501,5,ATTTA,1.0,0.0
506,522,17,GGCATAGGCTTATGCCT,1.0,0.0
524,528,5,CTCTT,1.0,0.0
530,534,5,ATTGT,1.0,0.0
536,546,11,AGGACACTGCT,1.0,0.0
551,558,8,CACCCAGC,1.0,0.0
560,575,16,ATTTTTGGCCTTCATC,1.0,0.0
577,596,20,CATTGGAATGCAGATGAGAA,1.0,0.0
602,609,8,ATGTTTAG,1.0,0.0
611,634,24,TTGATTTATAAGAAGACTTTAAAG,1.0,0.0
636,645,10,TGTCAAGCCG,1.0,0.0
647,651,5,GTTCT,1.0,0.0
653,676,24,GATAAAATAAGTATTGGACAACTT,1.0,0.0
678,684,7,TTAGTCT,1.0,0.0
686,723,38,CTTTCCAACAACCTGAACAAATTTGATGAAGGACTTGC,1.0,0.0
725,735,11,TTGGCACATTT,1.0,0.0
740,744,5,TGGAT,1.0,0.0
746,753,8,GCTCCTTT,1.0,0.0
755,760,6,CAAGTG,1.0,0.0
770,777,8,ATGGGGCT,1.0,0.0
780,786,7,TCTGGGA,1.0,0.0
788,796,9,TTGTTACAG,1.0,0.0
803,813,11,GCCTTCTGTGG,1.0,0.0
815,822,8,CTTGGTTT,1.0,0.0
824,829,6,CTGATA,1.0,0.0
840,846,7,TTTTTCA,1.0,0.0
855,860,6,TAGGGA,1.0,0.0
863,868,6,ATGATG,1.0,0.0
870,883,14,TGAAGTACAGAGAT,1.0,0.0
887,893,7,AGAGCTG,1.0,0.0
896,902,7,AAGATCA,1.0,0.0
904,912,9,TGAAAGACT,1.0,0.0
914,918,5,GTGAT,1.0,0.0
923,928,6,TCAGAA,1.0,0.0
932,936,5,ATTGA,1.0,0.0
938,943,6,AATATC,1.0,0.0
947,960,14,TCTGTTAAGGCATA,1.0,0.0
965,970,6,TGGGAA,1.0,0.0
977,981,5,ATGGA,1.0,0.0
989,995,7,ATTGAAA,1.0,0.0
1013,1018,6,CTGAAA,1.0,0.0
1034,1039,6,GCCTAT,1.0,0.0
1048,1052,5,CTTCA,1.0,0.0
1054,1059,6,TAGCTC,1.0,0.0
1061,1071,11,GCCTTCTTCTT,1.0,0.0
1073,1080,8,TCAGGGTT,1.0,0.0
1082,1086,5,TTTGT,1.0,0.0
1095,1110,16,TATCTGTGCTTCCCTA,1.0,0.0
1118,1122,5,ATCAA,1.0,0.0
1124,1129,6,GGAATC,1.0,0.0
1139,1149,11,AAAATATTCAC,1.0,0.0
1151,1155,5,ACCAT,1.0,0.0
1157,1170,14,TCATTCTGCATTGT,1.0,0.0
1184,1188,5,GTCAC,1.0,0.0
1190,1194,5,CGGCA,1.0,0.0
1208,1212,5,GTACA,1.0,0.0
1216,1224,9,ATGGTATGA,1.0,0.0
1244,1258,15,AAAATACAGGATTTC,1.0,0.0
1268,1272,5,CAAGA,1.0,0.0
1274,1278,5,TATAA,1.0,0.0
1289,1298,10,TATAACTTAA,1.0,0.0
1316,1320,5,ATGGA,1.0,0.0
1322,1332,11,AATGTAACAGC,1.0,0.0
1337,1351,15,TGGGAGGAGGGATTT,1.0,0.0
1354,1360,7,GGAATTA,1.0,0.0
1364,1370,7,GAGAAAG,1.0,0.0
1391,1396,6,AGAAAA,1.0,0.0
1450,1455,6,TCCTGT,1.0,0.0
1458,1462,5,TGAAA,1.0,0.0
1469,1473,5,AATTT,1.0,0.0
1494,1500,7,TGTTGGC,1.0,0.0
1506,1512,7,CTGGATC,1.0,0.0
1514,1519,6,ACTGGA,1.0,0.0
1526,1530,5,AAGAC,1.0,0.0
1532,1536,5,TCACT,1.0,0.0
1551,1563,13,TGGGAGAACTGGA,1.0,0.0
1568,1575,8,TCAGAGGG,1.0,0.0
1580,1597,18,ATTAAGCACAGTGGAAGA,1.0,0.0
1599,1607,9,TTTCATTCT,1.0,0.0
1610,1614,5,TCTCA,1.0,0.0
1622,1632,11,TGGATTATGCC,1.0,0.0
1643,1677,35,AAAGAAAATATCATCTTTGGTGTTTCCTATGATGA,1.0,0.0
1682,1686,5,AGATA,1.0,0.0
1698,1704,7,TCAAAGC,1.0,0.0
1706,1714,9,TGCCAACTA,1.0,0.0
1719,1726,8,AGGACATC,1.0,0.0
1728,1740,13,CCAAGTTTGCAGA,1.0,0.0
1743,1749,7,AAGACAA,1.0,0.0
1753,1771,19,AGTTCTTGGAGAAGGTGGA,1.0,0.0
1773,1779,7,TCACACT,1.0,0.0
1781,1791,11,AGTGGAGGTCA,1.0,0.0
1796,1800,5,GCAAG,1.0,0.0
1802,1824,23,ATTTCTTTAGCAAGAGCAGTATA,1.0,0.0
1826,1842,17,AAAGATGCTGATTTGTA,1.0,0.0
1847,1851,5,TTAGA,1.0,0.0
1862,1866,5,GGATA,1.0,0.0
1868,1878,11,CTAGATGTTTT,1.0,0.0
1893,1902,10,TATTTGAAAG,1.0,0.0
1904,1908,5,TGTGT,1.0,0.0
1910,1915,6,TGTAAA,1.0,0.0
1917,1923,7,TGATGGC,1.0,0.0
1927,1939,13,CAAAACTAGGATT,1.0,0.0
1949,1959,11,TCTAAAATGGA,1.0,0.0
1969,1980,12,GAAAGCTGACAA,1.0,0.0
1988,1996,9,ATTTTGCAT,1.0,0.0
2006,2022,17,AGCTATTTTTATGGGAC,1.0,0.0
2024,2028,5,TTTTC,1.0,0.0
2041,2045,5,TCTAC,1.0,0.0
2048,2055,8,CCAGACTT,1.0,0.0
2063,2073,11,AAACTCATGGG,1.0,0.0
2087,2091,5,GACCA,1.0,0.0
2102,2109,8,GAAAGAAG,1.0,0.0
2113,2118,6,TTCAAT,1.0,0.0
2120,2135,16,CTAACTGAGACCTTAC,1.0,0.0
2141,2146,6,TTCTCA,1.0,0.0
2186,2190,5,AAACA,1.0,0.0
2200,2212,13,ACAGACTGGAGAG,1.0,0.0
2219,2232,14,GAAAAAAGGAAGAA,1.0,0.0
2234,2241,8,TCTATTCT,1.0,0.0
2263,2267,5,GAAAA,1.0,0.0
2269,2290,22,TTTCCATTGTGCAAAAGACTCC,1.0,0.0
2319,2326,8,TCTGATGA,1.0,0.0
2344,2349,6,CTGTCC,1.0,0.0
2362,2366,5,TCTGA,1.0,0.0
2374,2378,5,GAGGC,1.0,0.0
2384,2388,5,CTGCC,1.0,0.0
2400,2404,5,TGATC,1.0,0.0
2414,2418,5,CCCAC,1.0,0.0
2425,2429,5,AGGCA,1.0,0.0
2439,2446,8,CAGTCTGT,1.0,0.0
2457,2461,5,ATGAC,1.0,0.0
2515,2520,6,CGAAAA,1.0,0.0
2532,2536,5,CCCTC,1.0,0.0
2561,2570,10,TATATTCAAG,1.0,0.0
2575,2579,5,TTATC,1.0,0.0
2581,2585,5,CAAGA,1.0,0.0
2606,2616,11,GAAGAAATTAA,1.0,0.0
2618,2625,8,GAAGAAGA,1.0,0.0
2627,2637,11,TTAAAGGAGTG,1.0,0.0
2643,2650,8,TTGATGAT,1.0,0.0
2670,2674,5,GTGAC,1.0,0.0
2676,2692,17,ACATGGAACACATACCT,1.0,0.0
2694,2699,6,CGATAT,1.0,0.0
2717,2721,5,GCTTA,1.0,0.0
2728,2732,5,GTGCT,1.0,0.0
2734,2742,9,ATTTGGTGC,1.0,0.0
2750,2758,9,TTTTTCTGG,1.0,0.0
2761,2777,17,GAGGTGGCTGCTTCTTT,1.0,0.0
2780,2784,5,TTGTG,1.0,0.0
2799,2803,5,AAACA,1.0,0.0
2851,2855,5,CTATG,1.0,0.0
2864,2871,8,ATCACCAG,1.0,0.0
2883,2887,5,TATTA,1.0,0.0
2892,2911,20,TTTTACATTTACGTGGGAGT,1.0,0.0
2916,2929,14,GACACTTTGCTTGC,1.0,0.0
2938,2948,11,TCTTCAGAGGT,1.0,0.0
2955,2965,11,CTGGTGCATAC,1.0,0.0
2968,2976,9,TAATCACAG,1.0,0.0
2982,2989,8,AAAATTTT,1.0,0.0
2997,3007,11,AAAATGTTACA,1.0,0.0
3013,3019,7,TTCTTCA,1.0,0.0
3024,3031,8,CCTATGTC,1.0,0.0
3046,3067,22,TGAAAGCAGGTGGGATTCTTAA,1.0,0.0
3069,3101,33,AGATTCTCCAAAGATATAGCAATTTTGGATGAC,1.0,0.0
3103,3118,16,TTCTGCCTCTTACCAT,1.0,0.0
3120,3130,11,TTTGACTTCAT,1.0,0.0
3132,3137,6,CAGTTG,1.0,0.0
3144,3149,6,ATTGTG,1.0,0.0
3153,3157,5,GGAGC,1.0,0.0
3177,3193,17,TTACAACCCTACATCTT,1.0,0.0
3198,3202,5,GCAAC,1.0,0.0
3204,3210,7,GTGCCAG,1.0,0.0
3243,3247,5,TTCCT,1.0,0.0
3264,3304,41,CTCAAACAACTGGAATCTGAAGGCAGGAGTCCAATTTTCAC,1.0,0.0
3309,3313,5,CTTGT,1.0,0.0
3315,3331,17,ACAAGCTTAAAAGGACT,1.0,0.0
3333,3343,11,TGGACACTTCG,1.0,0.0
3345,3350,6,GCCTTC,1.0,0.0
3361,3373,13,CTTACTTTGAAAC,1.0,0.0
3378,3397,20,TTCCACAAAGCTCTGAATTT,1.0,0.0
3402,3415,14,ACTGCCAACTGGTT,1.0,0.0
3433,3445,13,TGCGCTGGTTCCA,1.0,0.0
3447,3457,11,ATGAGAATAGA,1.0,0.0
3459,3463,5,ATGAT,1.0,0.0
3472,3483,12,TCTTCTTCATTG,1.0,0.0
3485,3496,12,TGTTACCTTCAT,1.0,0.0
3498,3514,17,TCCATTTTAACAACAGG,1.0,0.0
3516,3528,13,GAAGGAGAAGGAA,1.0,0.0
3533,3541,9,TGGTATTAT,1.0,0.0
3546,3553,8,ACTTTAGC,1.0,0.0
3555,3562,8,ATGAATAT,1.0,0.0
3564,3571,8,ATGAGTAC,1.0,0.0
3573,3577,5,TTGCA,1.0,0.0
3579,3586,8,TGGGCTGT,1.0,0.0
3588,3592,5,AACTC,1.0,0.0
3594,3598,5,AGCAT,1.0,0.0
3606,3629,24,GATAGCTTGATGCGATCTGTGAGC,1.0,0.0
3636,3643,8,TTTAAGTT,1.0,0.0
3645,3649,5,ATTGA,1.0,0.0
3656,3663,8,AACAGAAG,1.0,0.0
3735,3739,5,AGAAT,1.0,0.0
3746,3754,9,GTGAAGAAA,1.0,0.0
3763,3771,9,CTGGCCCTC,1.0,0.0
3780,3784,5,AAATG,1.0,0.0
3787,3795,9,TGTCAAAGA,1.0,0.0
3806,3810,5,AAATA,1.0,0.0
3824,3829,6,AATGCC,1.0,0.0
3831,3846,16,TATTAGAGAACATTTC,1.0,0.0
3851,3864,14,TCAATAAGTCCTGG,1.0,0.0
3866,3876,11,CAGAGGGTGGG,1.0,0.0
3878,3882,5,CTCTT,1.0,0.0
3884,3894,11,GGAAGAACTGG,1.0,0.0
3896,3900,5,TCAGG,1.0,0.0
3905,3913,9,AGTACTTTG,1.0,0.0
3917,3921,5,TCAGC,1.0,0.0
3923,3927,5,TTTTT,1.0,0.0
3936,3941,6,TGAACA,1.0,0.0
3962,3969,8,GATGGTGT,1.0,0.0
3998,4002,5,TGGAG,1.0,0.0
4004,4008,5,AAAGC,1.0,0.0
4013,4021,9,GGAGTGATA,1.0,0.0
4023,4038,16,CACAGAAAGTATTTAT,1.0,0.0
4040,4053,14,TTTTCTGGAACATT,1.0,0.0
4059,4063,5,AAAAC,1.0,0.0
4065,4072,8,TGGATCCC,1.0,0.0
4092,4114,23,AAGAAATATGGAAAGTTGCAGAT,1.0,0.0
4116,4122,7,AGGTTGG,1.0,0.0
4130,4134,5,TCTGT,1.0,0.0
4136,4140,5,ATAGA,1.0,0.0
4142,4152,11,CAGTTTCCTGG,1.0,0.0
4161,4165,5,ACTTT,1.0,0.0
4168,4182,15,CCTTGTGGATGGGGG,1.0,0.0
4190,4200,11,CTAAGCCATGG,1.0,0.0
4205,4209,5,AAGCA,1.0,0.0
4214,4224,11,ATGTGCTTGGC,1.0,0.0
4232,4245,14,GTTCTCAGTAAGGC,1.0,0.0
4247,4252,6,AAGATC,1.0,0.0
4256,4266,11,CTGCTTGATGA,1.0,0.0
4271,4275,5,AGTGC,1.0,0.0
4290,4300,11,TAACATACCAA,1.0,0.0
4315,4319,5,TCTAA,1.0,0.0
4321,4326,6,ACAAGC,1.0,0.0
4336,4344,9,TTGCACAGT,1.0,0.0
4349,4371,23,CTCTGTGAACACAGGATAGAAGC,1.0,0.0
4390,4404,15,ATTTTTGGTCATAGA,1.0,0.0
4419,4425,7,GGCAGTA,1.0,0.0
4461,4466,6,TCTTCC,1.0,0.0
4520,4525,6,AGCAAG,1.0,0.0
4548,4552,5,CTGCT,1.0,0.0
4554,4566,13,TGAAAGAGGAGAC,1.0,0.0
4571,4575,5,GAAGA,1.0,0.0
4580,4584,5,CAAGA,1.0,0.0
4763,4767,5,AAAGA,1.0,0.0
4819,4824,6,GCTTCC,1.0,0.0
5040,5044,5,GTGAA,1.0,0.0
5176,5180,5,GTATT,1.0,0.0
5237,5241,5,CTATA,1.0,0.0
5388,5392,5,AACTT,1.0,0.0
5479,5483,5,AATAC,1.0,0.0
5725,5729,5,TCTTT,1.0,0.0
5757,5761,5,TGTGT,1.0,0.0
5877,5881,5,GCTAG,1.0,0.0
5887,5895,9,TGTACTTCA,1.0,0.0
5898,5903,6,CTGTCT,1.0,0.0
5923,5928,6,AGACAC,1.0,0.0
5930,5934,5,CTGAA,1.0,0.0
5948,5963,16,TGAATTAGTTTTATAT,1.0,0.0
5971,5978,8,TTTTATAA,1.0,0.0
5980,5986,7,TTTGTGA,1.0,0.0
5988,5992,5,GCAAA,1.0,0.0
5999,6005,7,TTTCTCT,1.0,0.0
6008,6022,15,GAAATATTTATTTTA,1.0,0.0
6027,6039,13,TAATGTTTCAAAC,1.0,0.0
6042,6064,23,ATATATAACAATGCTGTATTTTA,1.0,0.0
6090,6116,27,TTGTATAAAATAATTTTTATATTTGAA,1.0,0.0
6133,6139,7,GCACTAG,1.0,0.0
6243,6248,6,CTGATG,1.0,0.0
6301,6305,5,TGCAG,1.0,0.0
6309,6319,11,TGAAGAAGATG,1.0,0.0
6321,6325,5,TACCA,1.0,0.0
6361,6365,5,CTTCT,1.0,0.0
6372,6377,6,CAAACT,1.0,0.0
6400,6414,15,TATTTATTACTGTAA,1.0,0.0
6418,6424,7,AATATCA,1.0,0.0
6427,6438,12,TGTCAATAAAAT,1.0,0.0
6445,6453,9,ATTTGTGTG,1.0,0.0
